source_system,source_column,canonical_entity,canonical_property,mapping_type
CRM,crm_customer_id,Customer,customerId,identifier
CRM,full_name,Customer,fullName,property
CRM,date_of_birth,Customer,dateOfBirth,property
CRM,email,Customer,email,property
CRM,phone,Customer,phone,property
CRM,pan_number,Customer,panNumber,property
CRM,city,Customer,city,property
CRM,state,Customer,state,property
CRM,kyc_status,Customer,kycStatus,property
CRM,risk_segment,Customer,riskSegment,property
CORE_BANKING,account_id,BankAccount,accountId,identifier
CORE_BANKING,customer_ref,Customer,holdsAccount,relationship
CORE_BANKING,account_type,BankAccount,accountType,property
CORE_BANKING,branch_id,Branch,maintainedAt,relationship
CORE_BANKING,open_date,BankAccount,openDate,property
CORE_BANKING,account_status,BankAccount,accountStatus,property
CORE_BANKING,balance_inr,BankAccount,balance,property
CORE_BANKING,currency,BankAccount,currency,property
CARD_PROCESSOR,card_id,Card,cardId,identifier
CARD_PROCESSOR,linked_account_id,BankAccount,linkedToAccount,relationship
CARD_PROCESSOR,card_type,Card,cardType,property
CARD_PROCESSOR,network,Card,network,property
CARD_PROCESSOR,issue_date,Card,issueDate,property
CARD_PROCESSOR,card_status,Card,cardStatus,property
CARD_PROCESSOR,credit_limit_inr,Card,creditLimit,property
LOAN_ORIGINATION,loan_id,Loan,loanId,identifier
LOAN_ORIGINATION,borrower_customer_ref,Customer,borrowerOf,relationship
LOAN_ORIGINATION,loan_type,Loan,loanType,property
LOAN_ORIGINATION,principal_inr,Loan,principalAmount,property
LOAN_ORIGINATION,interest_rate,Loan,interestRate,property
LOAN_ORIGINATION,tenure_months,Loan,tenureMonths,property
PAYMENTS,transaction_id,Transaction,transactionId,identifier
PAYMENTS,account_id,BankAccount,hasTransaction,relationship
PAYMENTS,transaction_ts,Transaction,transactionTimestamp,property
PAYMENTS,transaction_type,Transaction,transactionType,property
PAYMENTS,direction,Transaction,direction,property
PAYMENTS,amount_inr,Transaction,amount,property
PAYMENTS,merchant_category,Transaction,merchantCategory,property
PAYMENTS,channel,Transaction,channel,property